#CHROM,POS,REF,ALT,VAF,tag,Type
chr1,1049980,G,C,0.978,chr1_1049980_G_C,HRC
chr1,1336326,G,A,0.98,chr1_1336326_G_A,HRC
chr1,11024276,AT,A,0.0598,chr1_11024276_AT_A,HRC
chr1,13319384,C,T,0.0934,chr1_13319384_C_T,HRC
chr1,13778641,AGAT,A,0.0245,chr1_13778641_AGAT_A,HRC
chr1,16006134,G,T,0.988,chr1_16006134_G_T,HRC
chr1,16972418,C,G,0.977,chr1_16972418_C_G,HRC
chr1,20709680,G,C,0.214,chr1_20709680_G_C,HRC
chr1,22660991,G,A,0.974,chr1_22660991_G_A,HRC
chr1,27793607,C,G,0.984,chr1_27793607_C_G,HRC
chr1,36179727,GG,AA,0.341,chr1_36179727_GG_AA,HRC
chr1,39429922,G,C,0.375,chr1_39429922_G_C,HRC
chr1,39900974,T,G,0.129,chr1_39900974_T_G,HRC
chr1,39900992,A,C,0.061,chr1_39900992_A_C,HRC
chr1,41510892,G,C,0.339,chr1_41510892_G_C,HRC
chr1,42794426,A,T,0.388,chr1_42794426_A_T,HRC
chr1,43338032,G,C,0.653,chr1_43338032_G_C,HRC
chr1,43975291,A,T,0.158,chr1_43975291_A_T,HRC
chr1,52961570,C,A,0.43,chr1_52961570_C_A,HRC
chr1,53327838,CTG,C,0.166,chr1_53327838_CTG_C,HRC
chr1,53327841,CA,C,0.166,chr1_53327841_CA_C,HRC
chr1,59858483,C,T,0.483,chr1_59858483_C_T,HRC
chr1,66834006,C,G,0.478,chr1_66834006_C_G,HRC
chr1,89007758,G,GT,0.0978,chr1_89007758_G_GT,HRC
chr1,90714575,G,C,0.329,chr1_90714575_G_C,HRC
chr1,91501799,T,A,0.0412,chr1_91501799_T_A,HRC
chr1,93226449,G,A,0.743,chr1_93226449_G_A,HRC
chr1,102898164,G,A,0.376,chr1_102898164_G_A,HRC
chr1,109267889,A,C,0.466,chr1_109267889_A_C,HRC
chr1,109621023,C,A,0.483,chr1_109621023_C_A,HRC
chr1,111488999,G,C,0.251,chr1_111488999_G_C,HRC
chr1,111981621,C,T,0.499,chr1_111981621_C_T,HRC
chr1,116579677,C,CCTA,0.445,chr1_116579677_C_CCTA,HRC
chr1,116584988,C,A,0.472,chr1_116584988_C_A,HRC
chr1,119895936,C,T,0.159,chr1_119895936_C_T,HRC
chr1,150261629,G,A,0.412,chr1_150261629_G_A,HRC
chr1,151831100,C,T,0.446,chr1_151831100_C_T,HRC
chr1,154590263,T,A,0.386,chr1_154590263_T_A,HRC
chr1,155086199,GTGCTGGGTGAGTCTGCGCAGCGCCCTCTGGTGGCCAC,G,0.487,chr1_155086199_GTGCTGGGTGAGTCTGCGCAGCGCCCTCTGGTGGCCAC_G,HRC
chr1,155200604,A,T,0.1,chr1_155200604_A_T,HRC
chr1,155868563,G,A,0.333,chr1_155868563_G_A,HRC
chr1,160155119,T,A,0.103,chr1_160155119_T_A,HRC
chr1,160876801,C,T,0.355,chr1_160876801_C_T,HRC
chr1,161752393,C,G,0.315,chr1_161752393_C_G,HRC
chr1,165208094,TTGC,T,0.0778,chr1_165208094_TTGC_T,HRC
chr1,167383891,A,G,0.358,chr1_167383891_A_G,HRC
chr1,169888836,C,G,0.117,chr1_169888836_C_G,HRC
chr1,179109010,T,C,0.276,chr1_179109010_T_C,HRC
chr1,183880711,A,C,0.348,chr1_183880711_A_C,HRC
chr1,186304819,GTCC,G,0.0485,chr1_186304819_GTCC_G,HRC
chr1,196995756,A,G,0.245,chr1_196995756_A_G,HRC
chr1,197090091,G,GA,0.0948,chr1_197090091_G_GA,HRC
chr1,202128396,ACTG,A,0.0492,chr1_202128396_ACTG_A,HRC
chr1,203347718,G,C,0.208,chr1_203347718_G_C,HRC
chr1,204469485,A,G,0.467,chr1_204469485_A_G,HRC
chr1,204986103,C,G,0.685,chr1_204986103_C_G,HRC
chr1,205523389,T,G,0.143,chr1_205523389_T_G,HRC
chr1,206474453,C,G,0.367,chr1_206474453_C_G,HRC
chr1,223264672,G,C,0.367,chr1_223264672_G_C,HRC
chr1,226737201,G,A,0.228,chr1_226737201_G_A,HRC
chr1,231273931,G,T,0.666,chr1_231273931_G_T,HRC
chr1,232805682,C,T,0.301,chr1_232805682_C_T,HRC
chr1,235766274,ATTCCTGAAAAAATAAAAAAAACTCTCT,A,0.289,chr1_235766274_ATTCCTGAAAAAATAAAAAAAACTCTCT_A,HRC
chr1,248239030,C,T,0.327,chr1_248239030_C_T,HRC
chr1,248574433,G,A,0.0842,chr1_248574433_G_A,HRC
chr2,669670,C,T,0.197,chr2_669670_C_T,HRC
chr2,6887102,C,A,0.0485,chr2_6887102_C_A,HRC
chr2,9849441,TA,T,0.1,chr2_9849441_TA_T,HRC
chr2,26182470,CGATGCACAGGATGCCAGATCCAGGTAGGG,C,0.29,chr2_26182470_CGATGCACAGGATGCCAGATCCAGGTAGGG_C,Other
chr2,26458128,A,G,0.981,chr2_26458128_A_G,HRC
chr2,31366061,G,C,0.976,chr2_31366061_G_C,HRC
chr2,44285717,G,A,0.971,chr2_44285717_G_A,HRC
chr2,47806320,G,A,0.321,chr2_47806320_G_A,HRC
chr2,49020159,C,T,0.357,chr2_49020159_C_T,HRC
chr2,53901385,G,C,0.246,chr2_53901385_G_C,HRC
chr2,61348285,C,G,0.334,chr2_61348285_C_G,HRC
chr2,63942506,C,G,0.982,chr2_63942506_C_G,HRC
chr2,71611504,C,G,0.976,chr2_71611504_C_G,HRC
chr2,72887695,G,A,0.461,chr2_72887695_G_A,HRC
chr2,85431945,TC,T,0.514,chr2_85431945_TC_T,HRC
chr2,94874876,T,A,0.443,chr2_94874876_T_A,HRC
chr2,96145043,G,C,0.213,chr2_96145043_G_C,HRC
chr2,96695757,G,T,0.216,chr2_96695757_G_T,HRC
chr2,101308570,C,T,0.627,chr2_101308570_C_T,HRC
chr2,110933497,G,A,0.929,chr2_110933497_G_A,HRC
chr2,130191831,T,A,0.151,chr2_130191831_T_A,HRC
chr2,160107762,T,A,0.226,chr2_160107762_T_A,HRC
chr2,164502295,T,C,0.232,chr2_164502295_T_C,HRC
chr2,165754661,A,G,0.275,chr2_165754661_A_G,HRC
chr2,168907735,T,C,0.346,chr2_168907735_T_C,HRC
chr2,169270904,C,A,0.317,chr2_169270904_C_A,HRC
chr2,171855929,A,C,0.365,chr2_171855929_A_C,HRC
chr2,172065717,T,A,0.712,chr2_172065717_T_A,HRC
chr2,173910227,G,A,0.195,chr2_173910227_G_A,HRC
chr2,175093192,C,G,0.28,chr2_175093192_C_G,HRC
chr2,178549281,A,C,0.2,chr2_178549281_A_C,HRC
chr2,178605597,C,A,0.0629,chr2_178605597_C_A,HRC
chr2,188994708,CT,C,0.104,chr2_188994708_CT_C,HRC
chr2,190982494,G,C,0.625,chr2_190982494_G_C,HRC
chr2,196926579,A,C,0.12,chr2_196926579_A_C,HRC
chr2,200620711,G,C,0.609,chr2_200620711_G_C,HRC
chr2,201835740,A,C,0.436,chr2_201835740_A_C,HRC
chr2,206794123,TAC,T,0.124,chr2_206794123_TAC_T,HRC
chr2,216428742,C,G,0.481,chr2_216428742_C_G,HRC
chr2,217848163,GGCT,G,0.146,chr2_217848163_GGCT_G,HRC
chr2,219182417,T,A,0.0755,chr2_219182417_T_A,HRC
chr2,219471925,A,G,0.395,chr2_219471925_A_G,HRC
chr2,227587488,CACAACTTCCACA,C,0.0506,chr2_227587488_CACAACTTCCACA_C,Other
chr2,227587509,A,C,0.0385,chr2_227587509_A_C,HRC
chr2,227746133,G,A,0.0405,chr2_227746133_G_A,HRC
chr2,227746147,A,G,0.0405,chr2_227746147_A_G,HRC
chr2,227893863,C,T,0.187,chr2_227893863_C_T,HRC
chr2,230878407,A,T,0.0829,chr2_230878407_A_T,HRC
chr2,230878413,A,T,0.0725,chr2_230878413_A_T,HRC
chr2,230878453,A,T,0.0716,chr2_230878453_A_T,HRC
chr2,231594115,C,G,0.315,chr2_231594115_C_G,HRC
chr2,232378818,ATGC,A,0.0796,chr2_232378818_ATGC_A,HRC
chr2,232381539,A,G,0.0431,chr2_232381539_A_G,HRC
chr2,232920337,G,T,0.294,chr2_232920337_G_T,HRC
chr2,237549188,TGATGAAGCCTGGAGACACTCTGTTTCTTCTAGGCAATGGCTGTGCCCTATCTTCTGAGAAGAAAGTTCA,T,0.424,chr2_237549188_TGATGAAGCCTGGAGACACTCTGTTTCTTCTAGGCAATGGCTGTGCCCTATCTTCTGAGAAGAAAGTTCA_T,Other
chr3,37818954,G,T,0.986,chr3_37818954_G_T,HRC
chr3,38698511,G,A,0.323,chr3_38698511_G_A,HRC
chr3,38752270,T,A,0.295,chr3_38752270_T_A,HRC
chr3,39093883,C,G,0.982,chr3_39093883_C_G,HRC
chr3,39188115,A,T,0.745,chr3_39188115_A_T,HRC
chr3,44242058,G,A,0.26,chr3_44242058_G_A,HRC
chr3,49001481,C,G,0.273,chr3_49001481_C_G,HRC
chr3,49116722,T,A,0.113,chr3_49116722_T_A,HRC
chr3,52453982,T,A,0.12,chr3_52453982_T_A,HRC
chr3,52517960,A,C,0.983,chr3_52517960_A_C,HRC
chr3,53189245,A,T,0.103,chr3_53189245_A_T,HRC
chr3,53879970,T,G,0.0604,chr3_53879970_T_G,HRC
chr3,56617279,G,C,0.987,chr3_56617279_G_C,HRC
chr3,58210852,G,C,0.974,chr3_58210852_G_C,HRC
chr3,65387174,TTC,T,0.0651,chr3_65387174_TTC_T,HRC
chr3,75737421,T,C,0.122,chr3_75737421_T_C,HRC
chr3,75737435,G,T,0.122,chr3_75737435_G_T,HRC
chr3,75737442,C,A,0.125,chr3_75737442_C_A,HRC
chr3,75738767,C,T,0.138,chr3_75738767_C_T,HRC
chr3,75738775,T,C,0.145,chr3_75738775_T_C,HRC
chr3,75738798,C,T,0.183,chr3_75738798_C_T,HRC
chr3,75738889,G,A,0.188,chr3_75738889_G_A,HRC
chr3,121490124,G,A,0.266,chr3_121490124_G_A,HRC
chr3,121697677,G,C,0.977,chr3_121697677_G_C,HRC
chr3,122927971,G,C,0.971,chr3_122927971_G_C,HRC
chr3,125975653,T,A,0.114,chr3_125975653_T_A,HRC
chr3,126498142,G,A,0.4,chr3_126498142_G_A,HRC
chr3,130409353,G,T,0.527,chr3_130409353_G_T,HRC
chr3,131014202,CT,"C,CTT","0.0591,0.0934","chr3_131014202_CT_C,CTT",HRC
chr3,150703803,TTCC,T,0.0448,chr3_150703803_TTCC_T,HRC
chr3,172353067,C,T,0.41,chr3_172353067_C_T,HRC
chr3,183179683,G,A,0.525,chr3_183179683_G_A,HRC
chr3,184261267,A,T,0.142,chr3_184261267_A_T,HRC
chr3,184357968,G,A,0.535,chr3_184357968_G_A,HRC
chr3,186164998,C,T,0.577,chr3_186164998_C_T,HRC
chr3,187223151,T,C,0.14,chr3_187223151_T_C,HRC
chr3,194137671,TCTGGCCCGCAGCTGCGCTGAGCACAGACCCAA,T,0.959,chr3_194137671_TCTGGCCCGCAGCTGCGCTGAGCACAGACCCAA_T,Other
chr3,195365521,C,G,0.977,chr3_195365521_C_G,HRC
chr3,195527869,CT,C,0.143,chr3_195527869_CT_C,HRC
chr4,373602,C,T,0.441,chr4_373602_C_T,HRC
chr4,442068,T,C,0.479,chr4_442068_T_C,HRC
chr4,3074927,G,GCAA,0.127,chr4_3074927_G_GCAA,HRC
chr4,3074932,A,C,0.127,chr4_3074932_A_C,HRC
chr4,3074935,A,C,0.127,chr4_3074935_A_C,HRC
chr4,3074938,A,C,0.127,chr4_3074938_A_C,HRC
chr4,5988667,T,A,0.39,chr4_5988667_T_A,HRC
chr4,25676653,C,G,0.486,chr4_25676653_C_G,HRC
chr4,40808809,A,G,0.498,chr4_40808809_A_G,HRC
chr4,47914051,G,A,0.465,chr4_47914051_G_A,HRC
chr4,78511293,T,G,0.185,chr4_78511293_T_G,HRC
chr4,98396018,GAGGGAGC,G,0.335,chr4_98396018_GAGGGAGC_G,HRC
chr4,99653668,T,A,0.0435,chr4_99653668_T_A,HRC
chr4,99654591,C,T,0.193,chr4_99654591_C_T,HRC
chr4,103145956,C,G,0.263,chr4_103145956_C_G,HRC
chr4,108650682,C,G,0.403,chr4_108650682_C_G,HRC
chr4,108667256,G,A,0.179,chr4_108667256_G_A,HRC
chr4,110559664,G,C,0.242,chr4_110559664_G_C,HRC
chr4,112278288,G,A,0.275,chr4_112278288_G_A,HRC
chr4,118740663,C,T,0.306,chr4_118740663_C_T,HRC
chr4,128098247,G,A,0.236,chr4_128098247_G_A,HRC
chr4,139889926,GC,G,0.0269,chr4_139889926_GC_G,HRC
chr4,139889928,TGCTGCTGCTGCTGC,T,0.0269,chr4_139889928_TGCTGCTGCTGCTGC_T,HRC
chr4,154323249,TTTTGTTTG,"T,TTTTG","0.0383,0.942","chr4_154323249_TTTTGTTTG_T,TTTTG",HRC
chr4,154491219,G,C,0.973,chr4_154491219_G_C,HRC
chr4,176120051,AG,GA,0.225,chr4_176120051_AG_GA,HRC
chr5,667732,G,A,0.682,chr5_667732_G_A,HRC
chr5,1331836,C,A,0.41,chr5_1331836_C_A,HRC
chr5,1814505,G,A,0.341,chr5_1814505_G_A,HRC
chr5,7886680,G,C,0.309,chr5_7886680_G_C,HRC
chr5,14507135,C,T,0.226,chr5_14507135_C_T,HRC
chr5,23521054,C,G,0.476,chr5_23521054_C_G,HRC
chr5,34888535,G,A,0.393,chr5_34888535_G_A,HRC
chr5,34954593,C,T,0.206,chr5_34954593_C_T,HRC
chr5,35807687,G,C,0.172,chr5_35807687_G_C,HRC
chr5,54310435,A,T,0.439,chr5_54310435_A_T,HRC
chr5,55853449,T,A,0.369,chr5_55853449_T_A,HRC
chr5,58974630,TA,T,0.149,chr5_58974630_TA_T,HRC
chr5,83539155,T,G,0.386,chr5_83539155_T_G,HRC
chr5,84106820,GC,AA,0.387,chr5_84106820_GC_AA,HRC
chr5,103104741,G,A,0.431,chr5_103104741_G_A,HRC
chr5,115130597,ACTAACTG,A,0.974,chr5_115130597_ACTAACTG_A,HRC
chr5,133103959,T,C,0.979,chr5_133103959_T_C,HRC
chr5,134236218,C,T,0.454,chr5_134236218_C_T,HRC
chr5,134893642,T,C,0.964,chr5_134893642_T_C,HRC
chr5,136274699,C,T,0.536,chr5_136274699_C_T,HRC
chr5,140795698,C,G,0.323,chr5_140795698_C_G,HRC
chr5,141332648,C,T,0.687,chr5_141332648_C_T,HRC
chr5,141345980,C,T,0.0561,chr5_141345980_C_T,HRC
chr5,141351877,C,T,0.674,chr5_141351877_C_T,HRC
chr5,141415641,TA,"T,TAA","0.127,0.0766","chr5_141415641_TA_T,TAA",HRC
chr5,150080891,G,A,0.981,chr5_150080891_G_A,HRC
chr5,150204585,G,C,0.661,chr5_150204585_G_C,HRC
chr5,156763719,TA,"T,TAA","0.13,0.142","chr5_156763719_TA_T,TAA",HRC
chr5,160354994,G,A,0.357,chr5_160354994_G_A,HRC
chr5,177460555,CC,TA,0.349,chr5_177460555_CC_TA,HRC
chr5,178932532,G,T,0.338,chr5_178932532_G_T,HRC
chr5,179733119,C,G,0.556,chr5_179733119_C_G,HRC
chr6,109451608,G,T,0.967,chr6_109451608_G_T,HRC
chr6,118491774,G,A,0.529,chr6_118491774_G_A,HRC
chr6,122781240,C,G,0.452,chr6_122781240_C_G,HRC
chr6,142760564,T,C,0.266,chr6_142760564_T_C,HRC
chr6,152325134,C,T,0.302,chr6_152325134_C_T,HRC
chr6,154441295,C,A,0.083,chr6_154441295_C_A,HRC
chr6,156778292,ACAG,A,0.0558,chr6_156778292_ACAG_A,HRC
chr6,157133136,G,C,0.985,chr6_157133136_G_C,HRC
chr6,168066830,C,T,0.477,chr6_168066830_C_T,HRC
chr7,2712473,G,T,0.327,chr7_2712473_G_T,HRC
chr7,27095694,GCGA,G,0.207,chr7_27095694_GCGA_G,HRC
chr7,27095700,G,A,0.157,chr7_27095700_G_A,HRC
chr7,27130624,C,T,0.448,chr7_27130624_C_T,HRC
chr7,39339739,G,C,0.291,chr7_39339739_G_C,HRC
chr7,39623646,TCTC,T,0.135,chr7_39623646_TCTC_T,HRC
chr7,44007335,G,A,0.0504,chr7_44007335_G_A,HRC
chr7,47833095,G,A,0.368,chr7_47833095_G_A,HRC
chr7,55399981,T,G,0.326,chr7_55399981_T_G,HRC
chr7,73469636,G,C,0.363,chr7_73469636_G_C,HRC
chr7,77600799,C,T,0.151,chr7_77600799_C_T,HRC
chr7,82916603,C,A,0.283,chr7_82916603_C_A,HRC
chr7,92077867,G,C,0.461,chr7_92077867_G_C,HRC
chr7,94663490,T,G,0.0767,chr7_94663490_T_G,HRC
chr7,97006044,G,C,0.352,chr7_97006044_G_C,HRC
chr7,100127573,G,C,0.381,chr7_100127573_G_C,HRC
chr7,100866237,A,T,0.0425,chr7_100866237_A_T,HRC
chr7,100866250,A,T,0.0523,chr7_100866250_A_T,HRC
chr7,100992446,A,T,0.0395,chr7_100992446_A_T,HRC
chr7,101817586,C,T,0.42,chr7_101817586_C_T,HRC
chr7,102317256,A,G,0.348,chr7_102317256_A_G,HRC
chr7,112342711,G,C,0.495,chr7_112342711_G_C,HRC
chr7,113879732,G,T,0.161,chr7_113879732_G_T,HRC
chr7,114922583,AGAG,A,0.0456,chr7_114922583_AGAG_A,HRC
chr7,128409974,C,G,0.16,chr7_128409974_C_G,HRC
chr7,128479297,T,C,0.0456,chr7_128479297_T_C,HRC
chr7,129657419,A,C,0.243,chr7_129657419_A_C,HRC
chr7,138583927,C,T,0.171,chr7_138583927_C_T,HRC
chr7,140024672,TCAAAGATCA,T,0.405,chr7_140024672_TCAAAGATCA_T,HRC
chr7,142353194,C,G,0.0309,chr7_142353194_C_G,HRC
chr7,142353196,TG,CA,0.0302,chr7_142353196_TG_CA,HRC
chr7,142353204,T,C,0.0499,chr7_142353204_T_C,HRC
chr7,142353206,A,G,0.0499,chr7_142353206_A_G,HRC
chr7,142488233,C,G,0.0329,chr7_142488233_C_G,HRC
chr7,142488238,A,G,0.0327,chr7_142488238_A_G,HRC
chr7,142646414,C,T,0.2,chr7_142646414_C_T,HRC
chr7,142802517,TTCCAGAGGCTAGC,T,0.0953,chr7_142802517_TTCCAGAGGCTAGC_T,HRC
chr7,142802517,TTCCAGAGGCTAGC,T,0.0953,chr7_142802517_TTCCAGAGGCTAGC_T,HRC
chr7,154587903,G,A,0.125,chr7_154587903_G_A,HRC
chr7,155462476,A,G,0.085,chr7_155462476_A_G,HRC
chr7,157005552,G,A,0.223,chr7_157005552_G_A,HRC
chr8,11331979,T,G,0.126,chr8_11331979_T_G,HRC
chr8,12754813,T,G,0.139,chr8_12754813_T_G,HRC
chr8,23368189,TGGCCACGTTGGCGGGGGCCTG,T,0.974,chr8_23368189_TGGCCACGTTGGCGGGGGCCTG_T,HRC
chr8,38428420,G,A,0.97,chr8_38428420_G_A,HRC
chr8,54627056,A,T,0.988,chr8_54627056_A_T,HRC
chr8,64581002,AGGGGGCAGGGCTGCTGTTGCCGCCGCCTGGAGGAGGCGGCGGC,A,0.342,chr8_64581002_AGGGGGCAGGGCTGCTGTTGCCGCCGCCTGGAGGAGGCGGCGGC_A,Other
chr8,64581390,GGGC,G,0.0367,chr8_64581390_GGGC_G,HRC
chr8,66813874,C,T,0.167,chr8_66813874_C_T,HRC
chr8,98951689,G,A,0.354,chr8_98951689_G_A,HRC
chr8,109440818,C,T,0.282,chr8_109440818_C_T,HRC
chr8,125436371,CC,TT,0.162,chr8_125436371_CC_TT,HRC
chr8,129751863,T,A,0.0836,chr8_129751863_T_A,HRC
chr8,132141243,C,G,0.38,chr8_132141243_C_G,HRC
chr8,132948806,C,G,0.99,chr8_132948806_C_G,HRC
chr8,133256734,C,G,0.407,chr8_133256734_C_G,HRC
chr8,138737577,C,A,0.137,chr8_138737577_C_A,HRC
chr8,143599018,T,A,0.0645,chr8_143599018_T_A,HRC
chr8,143805314,A,C,0.15,chr8_143805314_A_C,HRC
chr8,144472801,T,G,0.0449,chr8_144472801_T_G,HRC
chr9,2039776,ACAGCAG,"A,ACAG","0.0272,0.476","chr9_2039776_ACAGCAG_A,ACAG",HRC
chr9,5769270,C,T,0.452,chr9_5769270_C_T,HRC
chr9,5922534,G,C,0.422,chr9_5922534_G_C,HRC
chr9,32450033,G,A,0.412,chr9_32450033_G_A,HRC
chr9,35609476,C,T,0.976,chr9_35609476_C_T,HRC
chr9,35750918,C,T,0.974,chr9_35750918_C_T,HRC
chr9,37784016,T,A,0.667,chr9_37784016_T_A,HRC
chr9,37887865,A,C,0.0663,chr9_37887865_A_C,HRC
chr9,81992223,C,G,0.618,chr9_81992223_C_G,HRC
chr9,88130088,C,T,0.0372,chr9_88130088_C_T,HRC
chr9,105607844,G,A,0.674,chr9_105607844_G_A,HRC
chr9,105607846,T,A,0.674,chr9_105607846_T_A,HRC
chr9,112275987,T,C,0.548,chr9_112275987_T_C,HRC
chr9,113369792,G,A,0.415,chr9_113369792_G_A,HRC
chr9,120858191,G,A,0.562,chr9_120858191_G_A,HRC
chr9,121332699,AGT,A,0.129,chr9_121332699_AGT_A,HRC
chr9,121332699,AGT,A,0.129,chr9_121332699_AGT_A,HRC
chr9,121811928,C,A,0.972,chr9_121811928_C_A,HRC
chr9,124292060,C,G,0.533,chr9_124292060_C_G,HRC
chr9,127445102,A,G,0.397,chr9_127445102_A_G,HRC
chr9,133255644,T,A,0.156,chr9_133255644_T_A,HRC
chr9,133344292,G,C,0.783,chr9_133344292_G_C,HRC
chr9,133354715,G,C,0.745,chr9_133354715_G_C,HRC
chr9,133438313,A,C,0.45,chr9_133438313_A_C,HRC
chr9,137436072,C,T,0.402,chr9_137436072_C_T,HRC
chr9,138120682,G,A,0.303,chr9_138120682_G_A,HRC
chr10,1363721,G,A,0.402,chr10_1363721_G_A,HRC
chr10,13481024,C,G,0.98,chr10_13481024_C_G,HRC
chr10,29490860,C,T,0.111,chr10_29490860_C_T,HRC
chr10,30029108,C,T,0.429,chr10_30029108_C_T,HRC
chr10,32567833,C,T,0.239,chr10_32567833_C_T,HRC
chr10,37957501,C,T,0.354,chr10_37957501_C_T,HRC
chr10,44292834,T,A,0.0501,chr10_44292834_T_A,HRC
chr10,48743018,C,T,0.353,chr10_48743018_C_T,HRC
chr10,49942257,C,G,0.385,chr10_49942257_C_G,HRC
chr10,61429019,C,T,0.412,chr10_61429019_C_T,HRC
chr10,71362193,G,A,0.187,chr10_71362193_G_A,HRC
chr10,71762019,C,T,0.393,chr10_71762019_C_T,HRC
chr10,73797261,G,A,0.977,chr10_73797261_G_A,HRC
chr10,98415129,C,G,0.662,chr10_98415129_C_G,HRC
chr10,102402370,G,C,0.353,chr10_102402370_G_C,HRC
chr10,116927806,A,T,0.129,chr10_116927806_A_T,HRC
chr10,119827430,T,G,0.453,chr10_119827430_T_G,HRC
chr10,124556361,C,T,0.301,chr10_124556361_C_T,HRC
chr10,125740509,C,A,0.443,chr10_125740509_C_A,HRC
chr10,125859826,G,C,0.988,chr10_125859826_G_C,HRC
chr10,132163377,C,G,0.455,chr10_132163377_C_G,HRC
chr10,133625455,AC,A,0.024,chr10_133625455_AC_A,HRC
chr11,396986,T,G,0.144,chr11_396986_T_G,HRC
chr11,862687,C,G,0.974,chr11_862687_C_G,HRC
chr11,1078020,CTA,C,0.947,chr11_1078020_CTA_C,HRC
chr11,2418192,TCCCAAGAGAAATGCTTGCTGGGGAACTTCTCCTTAAACTGCTTCTCGGCCA,T,0.281,chr11_2418192_TCCCAAGAGAAATGCTTGCTGGGGAACTTCTCCTTAAACTGCTTCTCGGCCA_T,Other
chr11,4999924,GTTTTAAGTA,G,0.954,chr11_4999924_GTTTTAAGTA_G,HRC
chr11,5968294,G,C,0.986,chr11_5968294_G_C,HRC
chr11,6401001,C,T,0.962,chr11_6401001_C_T,HRC
chr11,6410864,C,T,0.961,chr11_6410864_C_T,HRC
chr11,6557383,TGAG,T,0.0988,chr11_6557383_TGAG_T,HRC
chr11,9045825,G,A,0.483,chr11_9045825_G_A,HRC
chr11,14843826,GATTCTGATGGTAGAATTAACCATGGGCGAATTGCTTATATTTCTTCGA,G,0.377,chr11_14843826_GATTCTGATGGTAGAATTAACCATGGGCGAATTGCTTATATTTCTTCGA_G,Other
chr11,18707973,G,T,0.307,chr11_18707973_G_T,HRC
chr11,20638484,T,A,0.627,chr11_20638484_T_A,HRC
chr11,31127523,T,C,0.984,chr11_31127523_T_C,HRC
chr11,32830061,G,C,0.975,chr11_32830061_G_C,HRC
chr11,45227439,A,T,0.423,chr11_45227439_A_T,HRC
chr11,46379881,C,G,0.121,chr11_46379881_C_G,HRC
chr11,55811853,TT,CC,0.0453,chr11_55811853_TT_CC,HRC
chr11,55811859,A,G,0.0353,chr11_55811859_A_G,HRC
chr11,55811864,CA,TG,0.037,chr11_55811864_CA_TG,HRC
chr11,55811868,C,G,0.0379,chr11_55811868_C_G,HRC
chr11,56160039,G,A,0.327,chr11_56160039_G_A,HRC
chr11,56376331,G,A,0.132,chr11_56376331_G_A,HRC
chr11,56376334,T,C,0.13,chr11_56376334_T_C,HRC
chr11,56376340,G,C,0.123,chr11_56376340_G_C,HRC
chr11,56376343,G,C,0.112,chr11_56376343_G_C,HRC
chr11,56376347,G,A,0.102,chr11_56376347_G_A,HRC
chr11,56469901,T,A,0.187,chr11_56469901_T_A,HRC
chr11,56542447,T,C,0.307,chr11_56542447_T_C,HRC
chr11,56613098,C,A,0.219,chr11_56613098_C_A,HRC
chr11,58190517,G,A,0.182,chr11_58190517_G_A,HRC
chr11,58190708,A,T,0.691,chr11_58190708_A_T,HRC
chr11,59364559,T,A,0.148,chr11_59364559_T_A,HRC
chr11,61740459,TCAGCTGCTGTGAGCAGGAGGAGCCCACATACTTTGC,T,0.0945,chr11_61740459_TCAGCTGCTGTGAGCAGGAGGAGCCCACATACTTTGC_T,Other
chr11,62752451,G,A,0.623,chr11_62752451_G_A,HRC
chr11,63290370,G,A,0.49,chr11_63290370_G_A,HRC
chr11,63671365,A,T,0.0522,chr11_63671365_A_T,HRC
chr11,64320895,T,C,0.262,chr11_64320895_T_C,HRC
chr11,64368600,A,T,0.107,chr11_64368600_A_T,HRC
chr11,64832898,A,T,0.0807,chr11_64832898_A_T,HRC
chr11,65583563,C,T,0.288,chr11_65583563_C_T,HRC
chr11,68018533,T,G,0.102,chr11_68018533_T_G,HRC
chr11,70087777,C,T,0.107,chr11_70087777_C_T,HRC
chr11,72822508,G,C,0.341,chr11_72822508_G_C,HRC
chr11,76191599,C,T,0.391,chr11_76191599_C_T,HRC
chr11,92982015,G,T,0.389,chr11_92982015_G_T,HRC
chr11,95230812,A,C,0.0883,chr11_95230812_A_C,HRC
chr11,95230817,A,T,0.102,chr11_95230817_A_T,HRC
chr11,96341560,A,T,0.0869,chr11_96341560_A_T,HRC
chr11,103152151,C,A,0.0918,chr11_103152151_C_A,HRC
chr11,123730742,G,A,0.498,chr11_123730742_G_A,HRC
chr11,123943667,G,C,0.549,chr11_123943667_G_C,HRC
chr11,124319974,G,A,0.976,chr11_124319974_G_A,HRC
chr11,125948478,C,T,0.459,chr11_125948478_C_T,HRC
chr11,130123667,G,C,0.4,chr11_130123667_G_C,HRC
chr12,889170,C,G,0.728,chr12_889170_C_G,HRC
chr12,1884863,C,G,0.342,chr12_1884863_C_G,HRC
chr12,4685135,TA,"T,TAA","0.0737,0.088","chr12_4685135_TA_T,TAA",HRC
chr12,6867653,G,C,0.75,chr12_6867653_G_C,HRC
chr12,7067792,AAG,A,0.0463,chr12_7067792_AAG_A,HRC
chr12,11061402,C,G,0.0246,chr12_11061402_C_G,HRC
chr12,11061406,CA,TT,0.037,chr12_11061406_CA_TT,HRC
chr12,11091468,A,ATT,0.0412,chr12_11091468_A_ATT,HRC
chr12,11091471,TCC,T,0.0478,chr12_11091471_TCC_T,HRC
chr12,11133675,C,T,0.0286,chr12_11133675_C_T,HRC
chr12,11133677,G,C,0.028,chr12_11133677_G_C,HRC
chr12,11133681,G,A,0.0285,chr12_11133681_G_A,HRC
chr12,11133683,G,A,0.0283,chr12_11133683_G_A,HRC
chr12,21076459,T,G,0.194,chr12_21076459_T_G,HRC
chr12,31697922,G,T,0.289,chr12_31697922_G_T,HRC
chr12,39341563,TTCC,T,0.072,chr12_39341563_TTCC_T,HRC
chr12,48693120,G,C,0.971,chr12_48693120_G_C,HRC
chr12,49033482,TTGC,T,0.0755,chr12_49033482_TTGC_T,HRC
chr12,49526215,G,A,0.958,chr12_49526215_G_A,HRC
chr12,49649096,C,T,0.979,chr12_49649096_C_T,HRC
chr12,51056230,C,G,0.431,chr12_51056230_C_G,HRC
chr12,51495109,C,T,0.515,chr12_51495109_C_T,HRC
chr12,52073823,ACTTCATCGACTTCACTTATGTGCGTGT,A,0.125,chr12_52073823_ACTTCATCGACTTCACTTATGTGCGTGT_A,Other
chr12,52771163,G,C,0.975,chr12_52771163_G_C,HRC
chr12,57525409,T,A,0.164,chr12_57525409_T_A,HRC
chr12,63780025,A,C,0.0902,chr12_63780025_A_C,HRC
chr12,72575519,C,T,0.469,chr12_72575519_C_T,HRC
chr12,76815883,C,A,0.105,chr12_76815883_C_A,HRC
chr12,80495234,C,A,0.975,chr12_80495234_C_A,HRC
chr12,104251652,AGGTCCACATGCACACGCTGTACTGAGGTAAGGCTTTAAACTCAAGG,A,0.488,chr12_104251652_AGGTCCACATGCACACGCTGTACTGAGGTAAGGCTTTAAACTCAAGG_A,Other
chr12,109786790,C,A,0.981,chr12_109786790_C_A,HRC
chr12,112043095,A,C,0.972,chr12_112043095_A_C,HRC
chr12,122266028,A,G,0.967,chr12_122266028_A_G,HRC
chr12,132066878,G,A,0.495,chr12_132066878_G_A,HRC
chr13,24442624,G,A,0.115,chr13_24442624_G_A,HRC
chr13,24690373,C,G,0.302,chr13_24690373_C_G,HRC
chr13,25096815,G,A,0.159,chr13_25096815_G_A,HRC
chr13,25096817,C,T,0.167,chr13_25096817_C_T,HRC
chr13,25096840,C,T,0.148,chr13_25096840_C_T,HRC
chr13,25096843,G,C,0.142,chr13_25096843_G_C,HRC
chr13,25096846,C,T,0.136,chr13_25096846_C_T,HRC
chr13,25096850,T,G,0.136,chr13_25096850_T_G,HRC
chr13,25097447,TA,CC,0.115,chr13_25097447_TA_CC,HRC
chr13,25169964,C,T,0.276,chr13_25169964_C_T,HRC
chr13,25541937,GA,CT,0.308,chr13_25541937_GA_CT,HRC
chr13,30746710,G,A,0.292,chr13_30746710_G_A,HRC
chr13,36972022,TATAGCCATTTGATTCTGAGGGAAAAAGCAGAG,T,0.268,chr13_36972022_TATAGCCATTTGATTCTGAGGGAAAAAGCAGAG_T,HRC
chr13,37746422,C,T,0.45,chr13_37746422_C_T,HRC
chr13,45399009,C,T,0.426,chr13_45399009_C_T,HRC
chr13,98431278,G,T,0.965,chr13_98431278_G_T,HRC
chr13,113425168,G,T,0.517,chr13_113425168_G_T,HRC
chr14,24060744,G,A,0.549,chr14_24060744_G_A,HRC
chr14,24068643,G,A,0.158,chr14_24068643_G_A,HRC
chr14,24311695,A,T,0.138,chr14_24311695_A_T,HRC
chr14,26448938,G,C,0.196,chr14_26448938_G_C,HRC
chr14,32600791,A,T,0.67,chr14_32600791_A_T,HRC
chr14,32773881,G,T,0.642,chr14_32773881_G_T,HRC
chr14,39247883,G,C,0.976,chr14_39247883_G_C,HRC
chr14,60724008,C,G,0.956,chr14_60724008_C_G,HRC
chr14,70060890,C,G,0.974,chr14_70060890_C_G,HRC
chr14,76763118,A,T,0.98,chr14_76763118_A_T,HRC
chr14,77027487,CGCGGCGGCGGCGGCGGCCGCCGCTGCTGCCGCCGCCGCCGCCGCTTCCTTAGCCGACAGGGCCACTGTCTTGACCCCGACGG,C,0.0834,chr14_77027487_CGCGGCGGCGGCGGCGGCCGCCGCTGCTGCCGCCGCCGCCGCCGCTTCCTTAGCCGACAGGGCCACTGTCTTGACCCCGACGG_C,HRC
chr14,77027487,CGCGGCGGCGGCGGCGGCCGCCGCTGCTGCCGCCGCCGCCGCCGCTTCCTTAGCCGACAGGGCCACTGTCTTGACCCCGACGG,C,0.0834,chr14_77027487_CGCGGCGGCGGCGGCGGCCGCCGCTGCTGCCGCCGCCGCCGCCGCTTCCTTAGCCGACAGGGCCACTGTCTTGACCCCGACGG_C,HRC
chr14,91235009,GGTACAGCTCATCGAGGAGTT,G,0.152,chr14_91235009_GGTACAGCTCATCGAGGAGTT_G,HRC
chr14,94382908,C,G,0.134,chr14_94382908_C_G,HRC
chr14,95449932,T,A,0.049,chr14_95449932_T_A,HRC
chr14,99175206,GCTC,G,0.0635,chr14_99175206_GCTC_G,HRC
chr14,101986509,C,G,0.297,chr14_101986509_C_G,HRC
chr14,102084823,ATCT,A,0.035,chr14_102084823_ATCT_A,HRC
chr14,105855091,C,T,0.984,chr14_105855091_C_T,HRC
chr14,106537890,T,C,0.427,chr14_106537890_T_C,HRC
chr15,27719311,GTC,G,0.115,chr15_27719311_GTC_G,HRC
chr15,40622779,CC,TT,0.476,chr15_40622779_CC_TT,HRC
chr15,43149137,G,C,0.971,chr15_43149137_G_C,HRC
chr15,45133933,G,A,0.968,chr15_45133933_G_A,HRC
chr15,48962828,A,T,0.102,chr15_48962828_A_T,HRC
chr15,49282071,G,T,0.972,chr15_49282071_G_T,HRC
chr15,50047462,A,G,0.97,chr15_50047462_A_G,HRC
chr15,50492857,C,T,0.0537,chr15_50492857_C_T,HRC
chr15,50643417,T,G,0.521,chr15_50643417_T_G,HRC
chr15,60592879,T,A,0.0575,chr15_60592879_T_A,HRC
chr15,62819537,G,A,0.552,chr15_62819537_G_A,HRC
chr15,64155820,TA,"T,TAA","0.0883,0.469","chr15_64155820_TA_T,TAA",HRC
chr15,65625838,CCTG,C,0.0535,chr15_65625838_CCTG_C,HRC
chr15,69049034,G,C,0.438,chr15_69049034_G_C,HRC
chr15,70667653,C,T,0.265,chr15_70667653_C_T,HRC
chr15,74280669,G,T,0.564,chr15_74280669_G_T,HRC
chr15,75647885,T,A,0.0362,chr15_75647885_T_A,HRC
chr15,83849717,T,C,0.242,chr15_83849717_T_C,HRC
chr15,84036951,A,T,0.314,chr15_84036951_A_T,HRC
chr15,90931551,T,C,0.283,chr15_90931551_T_C,HRC
chr15,94399983,G,T,0.274,chr15_94399983_G_T,HRC
chr15,94399983,G,T,0.274,chr15_94399983_G_T,HRC
chr15,99997588,A,C,0.0879,chr15_99997588_A_C,HRC
chr15,100580747,G,C,0.57,chr15_100580747_G_C,HRC
chr15,100900577,G,T,0.403,chr15_100900577_G_T,HRC
chr16,2109642,G,C,0.377,chr16_2109642_G_C,HRC
chr16,2295601,C,G,0.686,chr16_2295601_C_G,HRC
chr16,2853213,GA,AT,0.385,chr16_2853213_GA_AT,HRC
chr16,3664277,T,G,0.12,chr16_3664277_T_G,HRC
chr16,3664283,T,G,0.0982,chr16_3664283_T_G,HRC
chr16,4454855,G,T,0.6,chr16_4454855_G_T,HRC
chr16,19266917,C,T,0.195,chr16_19266917_C_T,HRC
chr16,21705190,C,T,0.25,chr16_21705190_C_T,HRC
chr16,22305469,A,T,0.169,chr16_22305469_A_T,HRC
chr16,25221523,G,C,0.143,chr16_25221523_G_C,HRC
chr16,25246938,C,T,0.44,chr16_25246938_C_T,HRC
chr16,27850590,G,C,0.474,chr16_27850590_G_C,HRC
chr16,31473862,G,A,0.196,chr16_31473862_G_A,HRC
chr17,3386458,T,G,0.101,chr17_3386458_T_G,HRC
chr17,3818514,TTCC,T,0.0329,chr17_3818514_TTCC_T,HRC
chr17,4818361,TGGACAGAATCCTGAA,T,0.283,chr17_4818361_TGGACAGAATCCTGAA_T,Other
chr17,5007047,C,T,0.409,chr17_5007047_C_T,HRC
chr17,7294390,C,A,0.306,chr17_7294390_C_A,HRC
chr17,7588500,G,C,0.756,chr17_7588500_G_C,HRC
chr17,7675088,C,T,0.983,chr17_7675088_C_T,HRC
chr17,10457595,GC,G,0.26,chr17_10457595_GC_G,HRC
chr17,10499041,G,A,0.981,chr17_10499041_G_A,HRC
chr17,11784435,G,C,0.373,chr17_11784435_G_C,HRC
chr17,18119985,C,T,0.977,chr17_18119985_C_T,HRC
chr17,29286060,C,G,0.976,chr17_29286060_C_G,HRC
chr17,35442153,G,A,0.0735,chr17_35442153_G_A,HRC
chr17,41771694,GTGTACTGGCGCCCGCAGGCCTCATCCTCCTCCATGATGCCCT,G,0.971,chr17_41771694_GTGTACTGGCGCCCGCAGGCCTCATCCTCCTCCATGATGCCCT_G,HRC
chr17,45119014,TAGACGGTCGTTGTTG,T,0.964,chr17_45119014_TAGACGGTCGTTGTTG_T,HRC
chr17,45845905,C,T,0.957,chr17_45845905_C_T,HRC
chr17,48724360,T,TG,0.101,chr17_48724360_T_TG,HRC
chr17,55720816,G,A,0.976,chr17_55720816_G_A,HRC
chr17,58249650,C,T,0.979,chr17_58249650_C_T,HRC
chr17,67959687,T,A,0.036,chr17_67959687_T_A,HRC
chr17,73455907,T,A,0.062,chr17_73455907_T_A,HRC
chr17,74844321,C,T,0.541,chr17_74844321_C_T,HRC
chr17,75501507,C,G,0.287,chr17_75501507_C_G,HRC
chr17,75611647,A,G,0.157,chr17_75611647_A_G,HRC
chr17,76353649,C,T,0.166,chr17_76353649_C_T,HRC
chr17,78484883,A,T,0.332,chr17_78484883_A_T,HRC
chr17,79992972,G,T,0.282,chr17_79992972_G_T,HRC
chr17,80050160,G,T,0.214,chr17_80050160_G_T,HRC
chr17,80890489,T,G,0.179,chr17_80890489_T_G,HRC
chr17,80890497,A,G,0.139,chr17_80890497_A_G,HRC
chr17,80964269,T,A,0.046,chr17_80964269_T_A,HRC
chr17,81124932,T,A,0.0546,chr17_81124932_T_A,HRC
chr17,81444541,T,A,0.0614,chr17_81444541_T_A,HRC
chr17,81860390,C,A,0.0882,chr17_81860390_C_A,HRC
chr17,81902393,G,T,0.545,chr17_81902393_G_T,HRC
chr18,6824791,A,C,0.383,chr18_6824791_A_C,HRC
chr18,14106119,G,C,0.477,chr18_14106119_G_C,HRC
chr18,23135551,G,C,0.723,chr18_23135551_G_C,HRC
chr18,23907904,C,T,0.617,chr18_23907904_C_T,HRC
chr18,34866875,CT,C,0.14,chr18_34866875_CT_C,HRC
chr18,36067342,C,G,0.462,chr18_36067342_C_G,HRC
chr18,60371740,T,G,0.97,chr18_60371740_T_G,HRC
chr18,80136552,C,T,0.867,chr18_80136552_C_T,HRC
chr18,80138229,G,T,0.958,chr18_80138229_G_T,HRC
chr19,1785172,G,A,0.51,chr19_1785172_G_A,HRC
chr19,2341278,C,T,0.454,chr19_2341278_C_T,HRC
chr19,4511377,T,G,0.0654,chr19_4511377_T_G,HRC
chr19,5654411,A,T,0.0953,chr19_5654411_A_T,HRC
chr19,5928081,C,G,0.977,chr19_5928081_C_G,HRC
chr19,6044263,G,C,0.98,chr19_6044263_G_C,HRC
chr19,6755018,T,C,0.971,chr19_6755018_T_C,HRC
chr19,8955984,G,A,0.476,chr19_8955984_G_A,HRC
chr19,8969814,ACGTGGAATTTCCTTGTG,A,0.971,chr19_8969814_ACGTGGAATTTCCTTGTG_A,HRC
chr19,12580948,G,A,0.281,chr19_12580948_G_A,HRC
chr19,13877744,CGAG,C,0.061,chr19_13877744_CGAG_C,HRC
chr19,14434617,G,A,0.5,chr19_14434617_G_A,HRC
chr19,14799825,G,GA,0.0592,chr19_14799825_G_GA,HRC
chr19,15439119,ATCC,A,0.0553,chr19_15439119_ATCC_A,HRC
chr19,16093699,G,C,0.5,chr19_16093699_G_C,HRC
chr19,16361782,G,A,0.231,chr19_16361782_G_A,HRC
chr19,16572289,C,G,0.355,chr19_16572289_C_G,HRC
chr19,16896605,C,G,0.457,chr19_16896605_C_G,HRC
chr19,17555816,G,T,0.714,chr19_17555816_G_T,HRC
chr19,19336158,A,C,0.24,chr19_19336158_A_C,HRC
chr19,21536794,TAAGAG,T,0.279,chr19_21536794_TAAGAG_T,HRC
chr19,21973391,G,T,0.264,chr19_21973391_G_T,HRC
chr19,33206715,T,C,0.552,chr19_33206715_T_C,HRC
chr19,33211055,C,G,0.133,chr19_33211055_C_G,HRC
chr19,35449885,CCTG,C,0.0665,chr19_35449885_CCTG_C,HRC
chr19,35890375,T,G,0.118,chr19_35890375_T_G,HRC
chr19,38477823,G,A,0.852,chr19_38477823_G_A,HRC
chr19,38802099,G,A,0.971,chr19_38802099_G_A,HRC
chr19,39507413,C,G,0.709,chr19_39507413_C_G,HRC
chr19,39607277,T,A,0.537,chr19_39607277_T_A,HRC
chr19,40667969,TTGC,T,0.0521,chr19_40667969_TTGC_T,HRC
chr19,41619241,C,T,0.97,chr19_41619241_C_T,HRC
chr19,42274467,C,T,0.597,chr19_42274467_C_T,HRC
chr19,48591728,A,C,0.128,chr19_48591728_A_C,HRC
chr19,50625546,G,A,0.205,chr19_50625546_G_A,HRC
chr19,50798096,C,G,0.407,chr19_50798096_C_G,HRC
chr19,52853935,T,A,0.0729,chr19_52853935_T_A,HRC
chr19,54058530,T,A,0.0701,chr19_54058530_T_A,HRC
chr19,54307703,C,G,0.19,chr19_54307703_C_G,HRC
chr19,54634696,GCTC,G,0.0812,chr19_54634696_GCTC_G,HRC
chr19,54821683,G,A,0.333,chr19_54821683_G_A,HRC
chr19,55440641,G,T,0.194,chr19_55440641_G_T,HRC
chr19,55579596,T,G,0.0839,chr19_55579596_T_G,HRC
chr19,55732557,C,T,0.198,chr19_55732557_C_T,HRC
chr19,57130037,C,G,0.387,chr19_57130037_C_G,HRC
chr19,57397066,G,T,0.518,chr19_57397066_G_T,HRC
chr20,2312958,C,T,0.57,chr20_2312958_C_T,HRC
chr20,4182497,C,A,0.625,chr20_4182497_C_A,HRC
chr20,5943958,C,A,0.686,chr20_5943958_C_A,HRC
chr20,6006318,G,C,0.6,chr20_6006318_G_C,HRC
chr20,10054509,G,C,0.563,chr20_10054509_G_C,HRC
chr20,11687061,G,A,0.359,chr20_11687061_G_A,HRC
chr20,23354059,C,G,0.361,chr20_23354059_C_G,HRC
chr20,35384132,C,G,0.37,chr20_35384132_C_G,HRC
chr20,41165772,C,G,0.406,chr20_41165772_C_G,HRC
chr20,44727434,C,G,0.479,chr20_44727434_C_G,HRC
chr20,45421558,C,T,0.263,chr20_45421558_C_T,HRC
chr20,48637731,A,T,0.0859,chr20_48637731_A_T,HRC
chr20,48637737,A,T,0.0701,chr20_48637737_A_T,HRC
chr20,54154058,GAC,G,0.0546,chr20_54154058_GAC_G,HRC
chr20,57340103,CTA,C,0.475,chr20_57340103_CTA_C,HRC
chr20,59944226,A,G,0.506,chr20_59944226_A_G,HRC
chr20,64207979,CGAG,C,0.0281,chr20_64207979_CGAG_C,HRC
chr21,30755336,C,T,0.542,chr21_30755336_C_T,HRC
chr21,44330789,AGGCAGCCGCGGCCCCTAGCGGCCC,A,0.31,chr21_44330789_AGGCAGCCGCGGCCCCTAGCGGCCC_A,HRC
chr21,44551342,T,C,0.0582,chr21_44551342_T_C,HRC
chr21,44551359,G,C,0.0625,chr21_44551359_G_C,HRC
chr21,44551362,T,C,0.0425,chr21_44551362_T_C,HRC
chr21,44551365,C,A,0.0425,chr21_44551365_C_A,HRC
chr21,44551373,A,G,0.0211,chr21_44551373_A_G,HRC
chr21,46002313,A,G,0.334,chr21_46002313_A_G,HRC
chr21,46161702,A,C,0.12,chr21_46161702_A_C,HRC
chr22,20564529,ACAG,A,0.0501,chr22_20564529_ACAG_A,HRC
chr22,20974171,A,T,0.14,chr22_20974171_A_T,HRC
chr22,22881098,A,T,0.441,chr22_22881098_A_T,HRC
chr22,23875150,G,A,0.171,chr22_23875150_G_A,HRC
chr22,28679690,T,C,0.124,chr22_28679690_T_C,HRC
chr22,29141977,G,A,0.601,chr22_29141977_G_A,HRC
chr22,36876004,T,A,0.0623,chr22_36876004_T_A,HRC
chr22,37084218,A,T,0.0664,chr22_37084218_A_T,HRC
chr22,37206758,T,A,0.0418,chr22_37206758_T_A,HRC
chr22,37631021,C,G,0.421,chr22_37631021_C_G,HRC
chr22,37723212,GA,G,0.288,chr22_37723212_GA_G,HRC
chr22,39649752,AAGG,A,0.0448,chr22_39649752_AAGG_A,HRC
chr22,41524891,G,C,0.193,chr22_41524891_G_C,HRC
chr22,41696884,A,C,0.101,chr22_41696884_A_C,HRC
chr22,46257699,G,A,0.291,chr22_46257699_G_A,HRC
chr22,50177152,C,T,0.983,chr22_50177152_C_T,HRC
chr22,50243801,T,C,0.785,chr22_50243801_T_C,HRC
chr22,50460629,C,G,0.233,chr22_50460629_C_G,HRC
